Method,Job,AnalyzeLaunchVariance,EvaluateOverhead,MaxAbsoluteError,MaxRelativeError,MinInvokeCount,MinIterationTime,OutlierMode,Affinity,EnvironmentVariables,Jit,Platform,PowerPlanMode,Runtime,AllowVeryLargeObjects,Concurrent,CpuGroups,Force,HeapAffinitizeMask,HeapCount,NoAffinitize,RetainVm,Server,Arguments,BuildConfiguration,Clock,EngineFactory,NuGetReferences,Toolchain,IsMutator,InvocationCount,IterationCount,IterationTime,LaunchCount,MaxIterationCount,MaxWarmupIterationCount,MemoryRandomization,MinIterationCount,MinWarmupIterationCount,RunStrategy,UnrollFactor,WarmupCount,MaxItems,Mean,Error,StdDev
ListContains,.NET 6.0,False,Default,Default,Default,Default,Default,Default,1111111111111111,Empty,RyuJit,X64,8c5e7fda-e8bf-4a96-9a85-a6e23a8c635c,.NET 6.0,False,True,False,True,Default,Default,False,False,False,Default,Default,Default,Default,Default,Default,Default,1,Default,Default,Default,Default,Default,Default,Default,Default,Default,16,Default,4,18.42 μs,0.354 μs,0.347 μs
HashSetContains,.NET 6.0,False,Default,Default,Default,Default,Default,Default,1111111111111111,Empty,RyuJit,X64,8c5e7fda-e8bf-4a96-9a85-a6e23a8c635c,.NET 6.0,False,True,False,True,Default,Default,False,False,False,Default,Default,Default,Default,Default,Default,Default,1,Default,Default,Default,Default,Default,Default,Default,Default,Default,16,Default,4,11.19 μs,0.223 μs,0.229 μs
SortedSetContains,.NET 6.0,False,Default,Default,Default,Default,Default,Default,1111111111111111,Empty,RyuJit,X64,8c5e7fda-e8bf-4a96-9a85-a6e23a8c635c,.NET 6.0,False,True,False,True,Default,Default,False,False,False,Default,Default,Default,Default,Default,Default,Default,1,Default,Default,Default,Default,Default,Default,Default,Default,Default,16,Default,4,51.17 μs,0.300 μs,0.281 μs
ListContains,.NET 6.0,False,Default,Default,Default,Default,Default,Default,1111111111111111,Empty,RyuJit,X64,8c5e7fda-e8bf-4a96-9a85-a6e23a8c635c,.NET 6.0,False,True,False,True,Default,Default,False,False,False,Default,Default,Default,Default,Default,Default,Default,1,Default,Default,Default,Default,Default,Default,Default,Default,Default,16,Default,8,31.23 μs,0.158 μs,0.148 μs
HashSetContains,.NET 6.0,False,Default,Default,Default,Default,Default,Default,1111111111111111,Empty,RyuJit,X64,8c5e7fda-e8bf-4a96-9a85-a6e23a8c635c,.NET 6.0,False,True,False,True,Default,Default,False,False,False,Default,Default,Default,Default,Default,Default,Default,1,Default,Default,Default,Default,Default,Default,Default,Default,Default,16,Default,8,10.86 μs,0.063 μs,0.053 μs
SortedSetContains,.NET 6.0,False,Default,Default,Default,Default,Default,Default,1111111111111111,Empty,RyuJit,X64,8c5e7fda-e8bf-4a96-9a85-a6e23a8c635c,.NET 6.0,False,True,False,True,Default,Default,False,False,False,Default,Default,Default,Default,Default,Default,Default,1,Default,Default,Default,Default,Default,Default,Default,Default,Default,16,Default,8,78.11 μs,0.406 μs,0.380 μs
ListContains,.NET 6.0,False,Default,Default,Default,Default,Default,Default,1111111111111111,Empty,RyuJit,X64,8c5e7fda-e8bf-4a96-9a85-a6e23a8c635c,.NET 6.0,False,True,False,True,Default,Default,False,False,False,Default,Default,Default,Default,Default,Default,Default,1,Default,Default,Default,Default,Default,Default,Default,Default,Default,16,Default,16,48.00 μs,0.484 μs,0.453 μs
HashSetContains,.NET 6.0,False,Default,Default,Default,Default,Default,Default,1111111111111111,Empty,RyuJit,X64,8c5e7fda-e8bf-4a96-9a85-a6e23a8c635c,.NET 6.0,False,True,False,True,Default,Default,False,False,False,Default,Default,Default,Default,Default,Default,Default,1,Default,Default,Default,Default,Default,Default,Default,Default,Default,16,Default,16,11.71 μs,0.142 μs,0.133 μs
SortedSetContains,.NET 6.0,False,Default,Default,Default,Default,Default,Default,1111111111111111,Empty,RyuJit,X64,8c5e7fda-e8bf-4a96-9a85-a6e23a8c635c,.NET 6.0,False,True,False,True,Default,Default,False,False,False,Default,Default,Default,Default,Default,Default,Default,1,Default,Default,Default,Default,Default,Default,Default,Default,Default,16,Default,16,110.00 μs,0.489 μs,0.458 μs
ListContains,.NET 6.0,False,Default,Default,Default,Default,Default,Default,1111111111111111,Empty,RyuJit,X64,8c5e7fda-e8bf-4a96-9a85-a6e23a8c635c,.NET 6.0,False,True,False,True,Default,Default,False,False,False,Default,Default,Default,Default,Default,Default,Default,1,Default,Default,Default,Default,Default,Default,Default,Default,Default,16,Default,32,94.74 μs,0.347 μs,0.290 μs
HashSetContains,.NET 6.0,False,Default,Default,Default,Default,Default,Default,1111111111111111,Empty,RyuJit,X64,8c5e7fda-e8bf-4a96-9a85-a6e23a8c635c,.NET 6.0,False,True,False,True,Default,Default,False,False,False,Default,Default,Default,Default,Default,Default,Default,1,Default,Default,Default,Default,Default,Default,Default,Default,Default,16,Default,32,11.86 μs,0.092 μs,0.086 μs
SortedSetContains,.NET 6.0,False,Default,Default,Default,Default,Default,Default,1111111111111111,Empty,RyuJit,X64,8c5e7fda-e8bf-4a96-9a85-a6e23a8c635c,.NET 6.0,False,True,False,True,Default,Default,False,False,False,Default,Default,Default,Default,Default,Default,Default,1,Default,Default,Default,Default,Default,Default,Default,Default,Default,16,Default,32,146.98 μs,0.825 μs,0.732 μs
ListContains,.NET 6.0,False,Default,Default,Default,Default,Default,Default,1111111111111111,Empty,RyuJit,X64,8c5e7fda-e8bf-4a96-9a85-a6e23a8c635c,.NET 6.0,False,True,False,True,Default,Default,False,False,False,Default,Default,Default,Default,Default,Default,Default,1,Default,Default,Default,Default,Default,Default,Default,Default,Default,16,Default,64,179.04 μs,0.585 μs,0.518 μs
HashSetContains,.NET 6.0,False,Default,Default,Default,Default,Default,Default,1111111111111111,Empty,RyuJit,X64,8c5e7fda-e8bf-4a96-9a85-a6e23a8c635c,.NET 6.0,False,True,False,True,Default,Default,False,False,False,Default,Default,Default,Default,Default,Default,Default,1,Default,Default,Default,Default,Default,Default,Default,Default,Default,16,Default,64,10.64 μs,0.087 μs,0.082 μs
SortedSetContains,.NET 6.0,False,Default,Default,Default,Default,Default,Default,1111111111111111,Empty,RyuJit,X64,8c5e7fda-e8bf-4a96-9a85-a6e23a8c635c,.NET 6.0,False,True,False,True,Default,Default,False,False,False,Default,Default,Default,Default,Default,Default,Default,1,Default,Default,Default,Default,Default,Default,Default,Default,Default,16,Default,64,183.46 μs,1.009 μs,0.944 μs
ListContains,.NET 6.0,False,Default,Default,Default,Default,Default,Default,1111111111111111,Empty,RyuJit,X64,8c5e7fda-e8bf-4a96-9a85-a6e23a8c635c,.NET 6.0,False,True,False,True,Default,Default,False,False,False,Default,Default,Default,Default,Default,Default,Default,1,Default,Default,Default,Default,Default,Default,Default,Default,Default,16,Default,128,302.81 μs,0.797 μs,0.707 μs
HashSetContains,.NET 6.0,False,Default,Default,Default,Default,Default,Default,1111111111111111,Empty,RyuJit,X64,8c5e7fda-e8bf-4a96-9a85-a6e23a8c635c,.NET 6.0,False,True,False,True,Default,Default,False,False,False,Default,Default,Default,Default,Default,Default,Default,1,Default,Default,Default,Default,Default,Default,Default,Default,Default,16,Default,128,11.30 μs,0.222 μs,0.352 μs
SortedSetContains,.NET 6.0,False,Default,Default,Default,Default,Default,Default,1111111111111111,Empty,RyuJit,X64,8c5e7fda-e8bf-4a96-9a85-a6e23a8c635c,.NET 6.0,False,True,False,True,Default,Default,False,False,False,Default,Default,Default,Default,Default,Default,Default,1,Default,Default,Default,Default,Default,Default,Default,Default,Default,16,Default,128,232.97 μs,1.582 μs,1.480 μs
ListContains,.NET 6.0,False,Default,Default,Default,Default,Default,Default,1111111111111111,Empty,RyuJit,X64,8c5e7fda-e8bf-4a96-9a85-a6e23a8c635c,.NET 6.0,False,True,False,True,Default,Default,False,False,False,Default,Default,Default,Default,Default,Default,Default,1,Default,Default,Default,Default,Default,Default,Default,Default,Default,16,Default,256,594.45 μs,1.673 μs,1.565 μs
HashSetContains,.NET 6.0,False,Default,Default,Default,Default,Default,Default,1111111111111111,Empty,RyuJit,X64,8c5e7fda-e8bf-4a96-9a85-a6e23a8c635c,.NET 6.0,False,True,False,True,Default,Default,False,False,False,Default,Default,Default,Default,Default,Default,Default,1,Default,Default,Default,Default,Default,Default,Default,Default,Default,16,Default,256,10.52 μs,0.088 μs,0.078 μs
SortedSetContains,.NET 6.0,False,Default,Default,Default,Default,Default,Default,1111111111111111,Empty,RyuJit,X64,8c5e7fda-e8bf-4a96-9a85-a6e23a8c635c,.NET 6.0,False,True,False,True,Default,Default,False,False,False,Default,Default,Default,Default,Default,Default,Default,1,Default,Default,Default,Default,Default,Default,Default,Default,Default,16,Default,256,306.75 μs,1.245 μs,1.165 μs
ListContains,.NET 6.0,False,Default,Default,Default,Default,Default,Default,1111111111111111,Empty,RyuJit,X64,8c5e7fda-e8bf-4a96-9a85-a6e23a8c635c,.NET 6.0,False,True,False,True,Default,Default,False,False,False,Default,Default,Default,Default,Default,Default,Default,1,Default,Default,Default,Default,Default,Default,Default,Default,Default,16,Default,512,"1,709.52 μs",7.219 μs,6.753 μs
HashSetContains,.NET 6.0,False,Default,Default,Default,Default,Default,Default,1111111111111111,Empty,RyuJit,X64,8c5e7fda-e8bf-4a96-9a85-a6e23a8c635c,.NET 6.0,False,True,False,True,Default,Default,False,False,False,Default,Default,Default,Default,Default,Default,Default,1,Default,Default,Default,Default,Default,Default,Default,Default,Default,16,Default,512,10.49 μs,0.043 μs,0.038 μs
SortedSetContains,.NET 6.0,False,Default,Default,Default,Default,Default,Default,1111111111111111,Empty,RyuJit,X64,8c5e7fda-e8bf-4a96-9a85-a6e23a8c635c,.NET 6.0,False,True,False,True,Default,Default,False,False,False,Default,Default,Default,Default,Default,Default,Default,1,Default,Default,Default,Default,Default,Default,Default,Default,Default,16,Default,512,331.51 μs,2.469 μs,2.309 μs
